{
  "train_samples": 1260,
  "val_samples": 140,
  "train_accuracy": 0.9468253968253968,
  "val_accuracy": 0.9214285714285714,
  "cardinalities": {
    "M": 3,
    "C": 3,
    "G": 3,
    "RP": 3,
    "B": 3,
    "DC": 3,
    "DT": 3,
    "FC": 3,
    "CAC": 3,
    "R": 3,
    "ATA": 3,
    "Y": 2
  }
}